Name,Rank,Tuition,UndergradEnrollment,TotalHeadCount,Region,State,Location,UndergradHeadCount,DoctorateDegrees,MastersDegrees,Bachelorsdegree,TotalGraduationRate,MenGraduationRate,WomenGraduationRate,InStatePrice,OutStatePrice,PercentAdmitted,PercentAdmittedMen,PercentAdmittedWomen,TotalFTEstaff,ResearchFTE,AverageSalaryInstructorsPrinceton University,1,45320,5402,8258,Northeast,NJ,"Princeton, NJ",5502,389,607,1267,97,96,98,55832,55832,7,7,8,5494,0,141399Harvard University,2,47074,6699,35611,Northeast,MA,"Cambridge, MA",14618,1535,3777,1822,98,96,99,59950,59950,6,6,6,16030,1939,160749University of Chicago,3,52491,5844,17357,Midwest,IL,"Chicago, IL",6179,711,2610,1385,93,93,93,64988,64988,9,10,8,9862,1339,149301Yale University,3,49480,5532,13335,Northeast,CT,"New Haven, CT",6615,742,1589,1344,96,95,98,61620,61620,7,8,6,13623,1910,144378Columbia University in the City of New York,5,55056,6102,29073,Northeast,NY,"New York, NY",8314,1397,7162,2061,95,94,95,64144,64144,7,8,7,15819,1903,141354Stanford University,5,47940,6999,21599,West,CA,"Stanford, CA",8376,1000,2243,1634,95,92,97,60749,60749,6,6,6,12558,1307,178758Massachusetts Institute of Technology,7,48452,4527,11889,Northeast,MA,"Cambridge, MA",4595,594,1730,1060,91,90,92,59020,59020,8,6,13,11635,4234,140553Duke University,8,51265,6639,17575,South,NC,"Durham, NC",7461,1136,2239,1883,95,94,96,61748,61748,13,14,13,16399,1404,128592University of Pennsylvania,8,51464,9726,27900,Northeast,PA,"Philadelphia, PA",12583,1199,3521,2551,96,95,96,61800,61800,12,12,13,15738,1329,139140Johns Hopkins University,10,50410,6524,25553,South,MD,"Baltimore, MD",7510,619,4658,1671,93,92,95,61502,61502,18,18,18,16143,680,98298Dartmouth College,11,51438,4307,6945,Northeast,NH,"Hanover, NH",4725,185,629,1116,95,95,95,63279,63279,10,10,9,4118,71,118287California Institute of Technology,12,47577,1001,2291,West,CA,"Pasadena, CA",1014,181,148,197,92,91,93,58755,58755,11,8,17,3015,569,157761Northwestern University,12,50855,8314,25325,Midwest,IL,"Evanston, IL",11080,986,3554,2188,93,92,95,63193,63193,15,16,15,8961,963,130725Brown University,14,51367,6652,9581,Northeast,RI,"Providence, RI",6997,319,461,1594,96,95,97,60460,60460,9,11,8,4114,373,120429Cornell University,15,50953,14315,22176,Northeast,NY,"Ithaca, NY",14706,781,2328,3570,93,92,94,61618,61618,16,14,17,9888,825,124380Rice University,15,43918,3910,7115,South,TX,"Houston, TX",4234,191,717,952,93,92,94,54291,54291,17,17,17,2843,17,121212University of Notre Dame,15,49685,8462,12632,Midwest,IN,"Notre Dame, IN",8610,386,980,2085,96,95,96,60117,60117,22,23,22,5419,372,113661Vanderbilt University,15,45610,6883,13577,South,TN,"Nashville, TN",6978,666,1416,1663,93,93,93,61112,61112,13,15,11,23195,517,115839Washington University in St Louis,19,49770,7504,15365,Midwest,MO,"St. Louis, MO",8132,752,1485,1773,95,94,96,61808,61808,16,16,15,12488,848,119574Emory University,20,47954,6867,15852,South,GA,"Atlanta, GA",8586,736,1300,1909,89,90,88,59908,59908,26,26,27,10517,1024,109197Georgetown University,20,50547,7562,21415,South,DC,"Washington, DC",9061,955,3200,1794,95,95,95,62179,62179,17,19,16,5245,331,115659University of California-Berkeley,20,40191,27496,39722,West,CA,"Berkeley, CA",28919,1287,2215,7362,91,88,93,33319,56197,18,17,19,10624,1531,131868University of Southern California,23,52217,18810,46174,West,CA,"Los Angeles, CA",20336,1481,7042,4746,91,90,92,62180,62180,20,20,20,13189,280,117405Carnegie Mellon University,24,52040,6454,13335,Northeast,PA,"Pittsburgh, PA",6525,341,2999,1442,88,87,90,62032,62032,25,21,33,4842,199,99495University of California-Los Angeles,24,39518,29585,43378,West,CA,"Los Angeles, CA",30815,1432,2951,7296,91,89,93,32416,55294,22,21,23,17235,1150,135801University of Virginia-Main Campus,24,45066,16736,27542,South,VA,"Charlottesville, VA",18464,919,1649,3697,94,92,96,26075,53461,30,29,31,8262,333,111852Tufts University,27,52430,5290,12091,Northeast,MA,"Medford, MA",5600,606,1219,1383,92,91,93,61000,61000,19,21,17,3999,138,102843University of Michigan-Ann Arbor,27,43476,28312,45295,Midwest,MI,"Ann Arbor, MI",29091,1626,4155,6925,91,89,92,26240,53490,33,30,37,19754,0,94581Wake Forest University,27,49308,4871,8093,South,NC,"Winston-Salem, NC",4971,357,739,1153,88,88,89,60242,60242,35,36,35,6327,19,98352University of North Carolina at Chapel Hill,30,33916,18415,31614,South,NC,"Chapel Hill, NC",19370,1229,2072,4566,90,88,92,24024,45806,28,28,27,11666,556,102528Boston College,31,51296,9192,15591,Northeast,MA,"Chestnut Hill, MA",10278,430,1326,2341,91,90,93,60706,60706,32,33,31,3521,237,120195Richard Bland College of the College of William and Mary,32,41718,6301,1832,South,VA,"Williamsburg, VA",1832,,,,30,28,31,17884,27722,56,51,59,113,0,55404University of Rochester,32,50142,6304,11704,Northeast,NY,"Rochester, NY",6778,393,1259,1663,84,82,86,61340,61340,36,35,36,8641,293,114858Brandeis University,34,51570,3621,6415,Northeast,MA,"Waltham, MA",3884,97,741,833,91,91,91,61070,61070,37,39,36,1572,205,101952Georgia Institute of Technology-Main Campus,34,32404,15142,24434,South,GA,"Atlanta, GA",16158,553,1964,3224,82,79,86,23384,42688,55,52,60,6820,0,101070New York University,36,49062,25722,57015,Northeast,NY,"New York, NY",29277,1507,8287,5596,83,81,85,63540,63540,32,30,34,16020,18,120906Case Western Reserve University,37,46006,5121,11025,Midwest,OH,"Cleveland, OH",4851,652,1182,884,81,80,82,57798,57798,42,40,44,4449,0,92448University of California-Santa Barbara,37,40704,20607,23851,West,CA,"Santa Barbara, CA",20807,360,554,4840,81,79,83,34051,56929,44,44,45,4255,461,117432Boston University,39,50240,17932,41428,Northeast,MA,"Boston, MA",23904,1107,4225,4293,85,84,85,61446,61446,46,43,48,8765,739,111240Northeastern University,39,47655,13697,26439,Northeast,MA,"Boston, MA",17658,654,2102,3349,82,80,83,58096,58096,32,32,33,3491,32,104229Rensselaer Polytechnic Institute,39,50797,5864,6877,Northeast,NY,"Troy, NY",5557,135,388,1109,82,80,87,61820,61820,41,39,47,1746,155,109305Tulane University of Louisiana,39,51010,6662,14641,South,LA,"New Orleans, LA",9217,520,1514,1676,83,81,85,61178,61178,26,25,27,4582,565,97920University of California-Irvine,39,39458,25256,30833,West,CA,"Irvine, CA",25001,603,1205,5691,86,84,88,30504,53382,42,40,44,6574,710,115551Lehigh University,44,48320,5075,7501,Northeast,PA,"Bethlehem, PA",5021,94,637,1112,87,86,89,57145,57145,31,30,32,1730,1,111096University of California-Davis,44,40728,28384,35523,West,CA,"Davis, CA",28499,900,1018,6566,83,80,85,33066,55944,45,41,48,11069,1492,108585University of California-San Diego,44,41387,26590,31434,West,CA,"La Jolla, CA",25436,673,1214,5999,86,84,88,30470,53348,38,38,37,11482,1439,118134University of Illinois at Urbana-Champaign,44,31320,33368,48250,Midwest,IL,"Champaign, IL",34078,1118,3365,7468,84,81,87,29086,43468,62,60,65,10699,301,104184University of Miami,44,47004,11122,18556,South,FL,"Coral Gables, FL",12325,815,1042,2621,81,78,84,60906,60906,40,41,40,9964,214,100035University of Wisconsin-Madison,44,32738,31662,46407,Midwest,WI,"Madison, WI",33601,1497,2006,6695,84,82,85,23931,40181,68,64,71,14313,1118,97101Pennsylvania State University-Main Campus,50,32382,40742,49848,Northeast,PA,"University Park, PA",42549,761,1342,10499,86,83,89,33592,46166,54,52,56,13055,710,89118Pepperdine University,50,50022,3533,8231,West,CA,"Malibu, CA",3746,275,1216,807,84,81,87,61192,61192,37,43,34,1589,0,104850University of Florida,50,28666,35043,57003,South,FL,"Gainesville, FL",36731,1994,4142,8192,88,84,90,19103,41381,47,45,48,13321,521,94482Villanova University,50,49280,6994,12308,Northeast,PA,"Villanova, PA",7806,247,1080,1699,89,88,91,58736,58736,49,48,49,2359,23,93825Ohio State University-Main Campus,54,29229,45289,62715,Midwest,OH,"Columbus, OH",47630,1604,2573,9631,83,82,85,25479,41199,56,54,57,26749,97,101556University of Washington-Seattle Campus,54,34791,31063,50006,West,WA,"Seattle, WA",34652,1326,3404,7268,84,81,86,27034,46608,55,53,57,16817,2628,94149George Washington University,56,51950,11157,28616,South,DC,"Washington, DC",11114,1091,4350,2469,79,77,81,61446,61446,33,36,31,5716,76,117522Southern Methodist University,56,50358,6411,12300,South,TX,"Dallas, TX",6901,322,1373,1479,77,75,79,61355,61355,51,52,49,2453,45,101547The University of Texas at Austin,56,34676,39619,56056,South,TX,"Austin, TX",42842,1378,3068,8964,81,78,83,26156,50200,40,37,43,12852,0,98100University of Georgia,56,29844,27547,38473,South,GA,"Athens, GA",28863,948,1615,6302,85,82,86,22064,40274,56,53,58,9607,142,87543Fordham University,60,47317,8855,17468,Northeast,NY,"New York, NY",9257,580,2289,1938,80,80,80,63438,63438,47,46,48,2564,0,114111Purdue University-Main Campus,60,28804,29497,42781,Midwest,IN,"West Lafayette, IN",32041,965,1782,6492,73,70,77,23242,42044,60,58,64,9768,367,99045Syracuse University,60,45022,15196,34357,Northeast,NY,"Syracuse, NY",27004,385,1999,3327,80,79,81,57450,57450,49,47,52,4699,87,97398University of Connecticut,60,35858,18826,28335,Northeast,CT,"Storrs, CT",19475,639,1533,4790,81,78,83,27244,46192,54,53,54,8493,339,104193University of Maryland-College Park,60,32045,27443,43086,South,MD,"College Park, MD",31196,641,2695,6760,85,83,87,23734,42920,47,48,46,8871,1604,104652Worcester Polytechnic Institute,60,46994,4299,6744,Northeast,MA,"Worcester, MA",4205,31,658,883,85,83,91,58060,58060,52,48,63,1001,19,77382Clemson University,66,32796,18016,24637,South,SC,"Clemson, SC",18453,216,1127,3650,82,79,86,28502,45936,58,58,58,4041,53,89163Yeshiva University,66,40670,2744,7161,Northeast,NY,"New York, NY",2915,697,465,605,85,80,93,55075,55075,82,82,82,3787,20,55053Brigham Young University-Provo,68,5300,30221,36554,West,UT,"Provo, UT",32585,225,1032,6492,79,79,79,17496,17496,49,44,52,4442,58,86841University of Pittsburgh-Pittsburgh Campus,68,29758,18908,32678,Northeast,PA,"Pittsburgh, PA",20725,1135,2340,4224,82,79,85,32126,42132,56,56,56,11604,838,85797Rutgers University-New Brunswick,70,30023,35484,54344,Northeast,NJ,"Piscataway, NJ",38705,1265,2703,7623,81,77,84,29468,43492,60,58,61,16973,731,98703Baylor University,71,42006,14189,16726,South,TX,"Waco, TX",13927,284,618,2848,72,70,74,53886,53886,57,57,58,2575,7,79137Stevens Institute of Technology,71,48838,2873,6443,Northeast,NJ,"Hoboken, NJ",2913,43,1324,546,82,82,82,60554,60554,38,35,46,823,32,85266University of Minnesota-Twin Cities,71,22210,34071,64579,Midwest,MN,"Minneapolis, MN",44981,1794,3254,7395,78,78,79,25281,31531,44,44,45,15882,1406,98028American University,74,44853,7909,13778,South,DC,"Washington, DC",7900,520,1580,1637,82,80,83,56808,56808,43,38,46,2777,7,99666Clark University,74,43150,2397,3823,Northeast,MA,"Worcester, MA",2509,25,462,533,78,75,80,48770,48770,62,53,68,684,13,86670Texas A & M University-College Station,74,28768,48960,62377,South,TX,"College Station, TX",46969,1437,2476,9808,79,75,83,21051,37671,69,67,72,7410,30,92583University of Massachusetts-Amherst,74,30123,22748,32567,Northeast,MA,"Amherst, MA",25078,306,1388,5462,75,74,76,26282,40998,63,62,64,5118,241,102186Virginia Tech Carilion School of Medicine,74,29371,25384,165,South,VA,"Blacksburg, VA",0,40,0,0,,,,,,,,,,,Miami University-Oxford,79,31592,16387,20378,Midwest,OH,"Oxford, OH",16587,55,589,3436,79,76,82,29701,45491,67,64,69,3129,43,76302University of California-Santa Cruz,79,40241,16231,18130,West,CA,"Santa Cruz, CA",16497,179,252,3695,77,76,78,33153,56031,60,55,64,3084,253,108990University of Delaware,79,31420,18322,23535,South,DE,"Newark, DE",19569,239,762,3749,79,77,81,25612,43432,65,61,68,4064,0,106506Colorado School of Mines,82,34828,4608,6712,West,CO,"Golden, CO",4477,96,360,880,76,75,79,30603,46533,37,35,43,918,93,95211Michigan State University,82,39090,39143,54857,Midwest,MI,"East Lansing, MI",41374,1172,2386,7707,79,77,81,24648,45536,69,65,72,11026,426,95526Texas Christian University,82,42670,8894,10518,South,TX,"Fort Worth, TX",9040,72,379,1936,75,72,78,50720,50720,47,44,50,2046,21,91854University of Iowa,82,28413,23357,34176,Midwest,IA,"Iowa City, IA",25085,1000,1369,4615,70,68,71,20691,39561,80,77,83,9113,253,91746Indiana University-Bloomington,86,34246,38364,50692,Midwest,IN,"Bloomington, IN",39429,761,2353,6624,78,75,80,23820,45961,72,72,72,8249,492,84879Marquette University,86,38470,8334,12589,Midwest,WI,"Milwaukee, WI",8782,415,629,1827,79,77,81,48669,48669,57,56,59,2328,16,86985SUNY at Binghamton,86,22164,13491,17508,Northeast,NY,"Binghamton, NY",14050,178,838,3005,81,79,83,22832,33152,43,44,42,2155,8,81531University of Denver,86,46362,5758,13902,West,CO,"Denver, CO",5983,439,2076,1257,76,76,77,56077,56077,77,73,80,2343,5,87633University of San Diego,86,46140,5647,9310,West,CA,"San Diego, CA",6123,328,661,1261,77,73,79,58189,58189,49,46,51,1828,0,104832University of Tulsa,86,38796,3478,4880,South,OK,"Tulsa, OK",3595,129,293,625,70,66,74,51035,51035,41,44,38,1249,0,87048Florida State University,92,24673,32706,46733,South,FL,"Tallahassee, FL",36575,812,2051,7843,79,75,82,21543,36709,57,56,57,6375,458,87354North Carolina State University at Raleigh,92,26399,24111,39135,South,NC,"Raleigh, NC",27891,567,2442,5173,75,72,78,22184,35639,50,49,51,8115,196,87966University of Colorado Boulder,92,35079,27010,36006,West,CO,"Boulder, CO",29202,551,1165,5274,70,68,72,28887,50655,88,86,90,6542,733,92682University of Vermont,92,40364,10973,14744,Northeast,VT,"Burlington, VT",12826,220,328,2293,76,75,76,28886,49814,78,73,81,3604,184,86058Drexel University,96,51030,14138,30747,Northeast,PA,"Philadelphia, PA",19257,644,2494,3083,67,64,72,57870,57870,81,82,81,5445,0,92214Saint Louis University,96,40726,8248,20106,Midwest,MO,"St. Louis, MO",14692,723,904,1825,72,70,72,53438,53438,64,66,63,4511,99,90252Stony Brook University,96,26266,16831,28376,Northeast,NY,"Stony Brook, NY",18699,576,1773,3882,69,64,74,22127,34067,39,41,38,4183,377,93114Auburn University,99,28840,21786,26555,South,AL,"Auburn, AL",20760,490,1077,4400,71,67,74,25282,41794,83,83,83,5147,18,84861Loyola University Chicago,99,41384,11079,17951,Midwest,IL,"Chicago, IL",11398,523,1503,2276,73,73,74,51273,51273,85,87,84,2798,106,84888SUNY College of Environmental Science and Forestry,99,17620,1839,2419,Northeast,NY,"Syracuse, NY",1816,30,123,401,68,61,76,24093,33543,51,45,56,391,9,74538University at Buffalo,99,26270,19951,33155,Northeast,NY,"Buffalo, NY",22326,953,2161,4562,72,67,77,23316,35256,57,58,55,4704,61,90234Illinois Institute of Technology,103,45214,2991,8852,Midwest,IL,"Chicago, IL",3293,371,1558,546,65,62,72,54677,54677,57,56,59,1310,0,101304The University of Alabama,103,26950,31958,38918,South,AL,"Tuscaloosa, AL",32392,501,1629,5355,66,62,69,27000,41500,57,56,57,5463,0,86445The University of Tennessee-Knoxville,103,30858,21863,33332,South,TN,"Knoxville, TN",23202,1054,1788,4381,69,66,73,27450,45940,72,72,73,10921,190,89784University of Oregon,103,33442,20538,27836,West,OR,"Eugene, OR",23266,339,878,4603,69,67,71,24352,44377,74,69,79,4204,235,79452Rochester Institute of Technology,107,38568,12607,18467,Northeast,NY,"Rochester, NY",14957,29,1099,2357,63,60,67,47627,47627,60,60,60,3352,24,86589University of New Hampshire-Main Campus,107,31424,13034,16255,Northeast,NH,"Durham, NH",13326,75,736,2696,76,74,77,30300,43020,78,73,82,2764,80,99549University of San Francisco,107,44494,6782,11934,West,CA,"San Francisco, CA",7241,258,1299,1506,70,69,71,58384,58384,61,61,61,1595,0,111681University of South Carolina-Columbia,107,31282,25237,36273,South,SC,"Columbia, SC",26194,717,1648,4903,73,71,74,24804,42516,61,61,60,6257,146,85626Iowa State University,111,21483,30034,36563,Midwest,IA,"Ames, IA",29945,494,830,5245,69,66,72,18920,31472,83,81,84,5288,528,90243University of Dayton,111,40940,8665,13004,Midwest,OH,"Dayton, OH",8460,197,855,1703,76,73,79,49540,49540,53,51,55,2443,0,76446University of Missouri-Columbia,111,25892,27812,38022,Midwest,MO,"Columbia, MO",28927,729,1559,5285,69,67,72,22943,37292,79,78,79,13426,355,79092University of Nebraska-Lincoln,111,23148,20182,27408,Midwest,NE,"Lincoln, NE",20688,445,850,3775,67,62,72,22246,35574,64,64,64,5646,282,90765University of Oklahoma-Norman Campus,111,21451,22132,30917,South,OK,"Norman, OK",23058,351,1672,3815,67,64,70,23441,35630,80,77,83,5433,322,83457University of the Pacific,111,44588,3735,6870,West,CA,"Stockton, CA",4086,624,342,925,61,59,62,57033,57033,73,75,71,1701,2,90801University of Utah,111,27039,23794,37582,West,UT,"Salt Lake City, UT",29311,711,1794,4774,62,61,63,21920,38199,82,77,86,11437,904,69876Michigan Technological University,118,30968,5721,7510,Midwest,MI,"Houghton, MI",5912,73,324,1020,64,61,71,26375,41255,77,77,76,1404,143,82278Seton Hall University,118,39258,6090,11215,Northeast,NJ,"South Orange, NJ",6342,372,939,1179,66,63,69,50318,50318,79,82,77,1434,0,83538Temple University,118,25994,28609,41499,Northeast,PA,"Philadelphia, PA",30935,1146,1473,6013,69,66,72,29632,39658,64,63,64,6889,0,86832University of California-Riverside,118,40263,18608,22838,West,CA,"Riverside, CA",20018,264,559,4532,69,67,71,32238,55116,62,63,62,3440,257,101916University of Kansas,118,25932,19245,30450,Midwest,KS,"Lawrence, KS",21059,845,1586,4007,60,57,63,22277,37043,92,91,94,7747,809,87246University of St Thomas,118,39594,6240,11487,Midwest,MN,"St. Paul, MN",6643,169,999,1390,72,70,74,48400,48400,86,85,87,1596,0,89028Catholic University of America,124,42536,3480,7326,South,DC,"Washington, DC",3844,268,602,826,67,64,69,56842,56842,60,62,58,1532,103,86085DePaul University,124,37626,15961,29001,Midwest,IL,"Chicago, IL",19127,317,2549,3748,71,69,73,49367,49367,60,58,61,3133,0,93528Duquesne University,124,35062,5961,11131,Northeast,PA,"Pittsburgh, PA",6343,510,830,1240,78,76,79,44567,44567,74,77,73,1843,0,79767Howard University,124,24908,6883,10895,South,DC,"Washington, DC",7400,501,339,1033,60,49,65,41643,41643,49,49,50,2978,71,77094University of Arizona,124,30025,33732,44509,West,AZ,"Tucson, AZ",34579,870,1702,6370,60,57,63,25179,42171,77,75,79,10810,907,92880Arizona State University-Tempe,129,25458,41828,53582,West,AZ,"Tempe, AZ",42427,650,2936,8635,63,58,69,23837,37630,80,79,82,6837,142,93645Clarkson University,129,46132,3257,3868,Northeast,NY,"Potsdam, NY",3174,57,142,644,71,69,75,57514,57514,64,67,60,695,26,91242Colorado State University-Fort Collins,129,28374,24433,34814,West,CO,"Fort Collins, CO",25878,368,1600,4807,65,63,67,23203,39056,77,73,81,6777,1198,79821The New School,129,45535,6792,12982,Northeast,NY,"New York, NY",9101,78,1106,1415,60,49,64,59691,59691,67,67,66,1929,0,87444Hofstra University,133,42160,6824,12160,Northeast,NY,"Hempstead, NY",7428,365,1098,1391,60,57,63,54289,54289,59,60,58,2006,0,115632University of Kentucky,133,26334,22705,30212,South,KY,"Lexington, KY",22551,870,1260,3901,61,58,65,23732,34814,69,68,69,10075,74,86526Kansas State University,135,23429,19859,27870,Midwest,KS,"Manhattan, KS",22228,274,1031,3670,59,55,62,21331,34276,96,95,97,4536,208,73386Louisiana State University-Alexandria,135,27005,26156,2822,South,LA,"Baton Rouge, LA",2822,0,0,190,21,20,21,17013,21658,61,68,58,222,0,47682Mercer University,135,35130,4667,9657,South,GA,"Macon, GA",4931,489,796,963,63,55,68,48212,48212,69,74,66,1607,44,71262New Jersey Institute of Technology,135,30326,8008,11955,Northeast,NJ,"Newark, NJ",8345,52,1042,1113,59,57,64,31484,44540,65,66,65,1439,36,101358Rutgers University-Newark,135,29480,7713,13524,Northeast,NJ,"Newark, NJ",8904,324,1046,1493,66,61,70,29768,43792,54,58,51,1444,56,113553University of Arkansas,135,23168,22159,28005,South,AR,"Fayetteville, AR",22724,275,1057,3862,62,59,66,22212,33468,59,58,59,4846,18,80118University of Cincinnati-Main Campus,135,26334,25054,39902,Midwest,OH,"Cincinnati, OH",26494,767,2851,4751,60,58,62,27434,42466,73,75,72,5990,358,81711University of Mississippi,135,22012,18785,24307,South,MS,"University, MS",19359,573,840,3395,61,56,66,22444,33412,81,78,82,2774,0,75681George Mason University,143,32582,23062,47271,South,VA,"Fairfax, VA",31996,441,2986,4883,67,62,71,25335,44019,62,60,64,4261,203,94716Oregon State University,143,28846,24612,32771,West,OR,"Corvallis, OR",26858,324,802,4189,63,61,65,23559,38751,79,76,82,4654,637,78354Washington State University,143,25673,24470,31351,West,WA,"Pullman, WA",25967,438,731,4979,67,63,71,27697,40779,82,80,84,5654,308,76923Adelphi University,146,34034,4852,9442,Northeast,NY,"Garden City, NY",5548,44,1020,1187,64,57,68,47110,47110,68,65,70,1341,0,101835Ohio University-Main Campus,146,21208,23513,34236,Midwest,OH,"Athens, OH",27557,298,1319,6240,67,64,69,24396,33360,73,71,75,3453,0,74646Saint John Fisher College,146,31880,2805,4392,Northeast,NY,"Rochester, NY",3058,129,236,836,72,74,70,41370,41370,63,62,63,640,0,75078San Diego State University,146,18244,29234,34893,West,CA,"San Diego, CA",29520,95,1746,6565,66,62,69,25068,36228,31,29,33,2474,0,83205SUNY at Albany,146,22244,12908,19555,Northeast,NY,"Albany, NY",14437,186,1211,2837,66,62,71,22419,32739,55,58,53,2473,7,84807The University of Texas at Dallas,146,33654,15575,23902,South,TX,"Richardson, TX",14358,181,2843,2781,71,66,78,24784,39958,59,60,57,2918,112,111744Illinois State University,152,20886,18426,22599,Midwest,IL,"Normal, IL",19189,61,688,4313,72,68,74,26259,33699,69,67,70,3210,0,68985Immaculata University,152,35210,1790,4510,Northeast,PA,"Immaculata, PA",2924,89,183,720,61,54,64,49130,49130,80,74,82,445,0,46170
